1) INNER JOIN

mysql> SELECT * FROM table_a INNER JOIN table_b ON table_a.name = table_b.name;
+----+--------+----+--------+
| id | name   | id | name   |
+----+--------+----+--------+
|  1 | Pirate |  2 | Pirate |
|  3 | Ninja  |  4 | Ninja  |
+----+--------+----+--------+
2 rows in set (0.00 sec)

EXPLAIN: 
+----+-------------+---------+------------+------+---------------+------+---------+------+------+----------+----------------------------------------------------+
| id | select_type | table   | partitions | type | possible_keys | key  | key_len | ref  | rows | filtered | Extra                                              |
+----+-------------+---------+------------+------+---------------+------+---------+------+------+----------+----------------------------------------------------+
|  1 | SIMPLE      | table_a | NULL       | ALL  | NULL          | NULL | NULL    | NULL |    4 |   100.00 | NULL                                               |
|  1 | SIMPLE      | table_b | NULL       | ALL  | NULL          | NULL | NULL    | NULL |    4 |    25.00 | Using where; Using join buffer (Block Nested Loop) |
+----+-------------+---------+------------+------+---------------+------+---------+------+------+----------+----------------------------------------------------+
2 rows in set, 1 warning (0.01 sec)



2) FULL OUTER JOIN 
Result: error;
MySQL don't have FULL OUTER JOIN;



3) LEFT OUTER JOIN
mysql> SELECT * FROM table_a LEFT OUTER JOIN table_b ON table_a.name = table_b.name;
+----+-----------+------+--------+
| id | name      | id   | name   |
+----+-----------+------+--------+
|  1 | Pirate    |    2 | Pirate |
|  3 | Ninja     |    4 | Ninja  |
|  2 | Monkey    | NULL | NULL   |
|  4 | Spaghetti | NULL | NULL   |
+----+-----------+------+--------+
4 rows in set (0.00 sec)
EXPLAIN:
+----+-------------+---------+------------+------+---------------+------+---------+------+------+----------+----------------------------------------------------+
| id | select_type | table   | partitions | type | possible_keys | key  | key_len | ref  | rows | filtered | Extra                                              |
+----+-------------+---------+------------+------+---------------+------+---------+------+------+----------+----------------------------------------------------+
|  1 | SIMPLE      | table_a | NULL       | ALL  | NULL          | NULL | NULL    | NULL |    4 |   100.00 | NULL                                               |
|  1 | SIMPLE      | table_b | NULL       | ALL  | NULL          | NULL | NULL    | NULL |    4 |   100.00 | Using where; Using join buffer (Block Nested Loop) |
+----+-------------+---------+------------+------+---------------+------+---------+------+------+----------+----------------------------------------------------+
2 rows in set, 1 warning (0.00 sec)

4) LEFT OUTER JOIN WHERE table_b.id IS null
mysql> SELECT * FROM table_a LEFT OUTER JOIN table_b ON table_a.name = table_b.name WHERE table_b.id IS null;
+----+-----------+------+------+
| id | name      | id   | name |
+----+-----------+------+------+
|  2 | Monkey    | NULL | NULL |
|  4 | Spaghetti | NULL | NULL |
+----+-----------+------+------+
2 rows in set (0.00 sec)
EXPLAIN
+----+-------------+---------+------------+------+---------------+------+---------+------+------+----------+----------------------------------------------------------------+
| id | select_type | table   | partitions | type | possible_keys | key  | key_len | ref  | rows | filtered | Extra                                                          |
+----+-------------+---------+------------+------+---------------+------+---------+------+------+----------+----------------------------------------------------------------+
|  1 | SIMPLE      | table_a | NULL       | ALL  | NULL          | NULL | NULL    | NULL |    4 |   100.00 | NULL                                                           |
|  1 | SIMPLE      | table_b | NULL       | ALL  | NULL          | NULL | NULL    | NULL |    4 |    25.00 | Using where; Not exists; Using join buffer (Block Nested Loop) |
+----+-------------+---------+------------+------+---------------+------+---------+------+------+----------+----------------------------------------------------------------+
2 rows in set, 1 warning (0.00 sec)



5) exclude the records we don't want from both sides via a where clause.
SELECT * FROM table_a LEFT OUTER JOIN table_b ON table_a.name = table_b.name WHERE table_b.id IS null
Result: error;


---AFTER INDEXATION---
1) mysql> SELECT * FROM table_a INNER JOIN table_b ON table_a.name = table_b.name;
+----+--------+----+--------+
| id | name   | id | name   |
+----+--------+----+--------+
|  3 | Ninja  |  4 | Ninja  |
|  1 | Pirate |  2 | Pirate |
+----+--------+----+--------+
2 rows in set (0.00 sec)
mysql> EXPLAIN SELECT * FROM table_a INNER JOIN table_b ON table_a.name = table_b.name;
+----+-------------+---------+------------+-------+---------------+------------+---------+--------------------+------+----------+-------------+
| id | select_type | table   | partitions | type  | possible_keys | key        | key_len | ref                | rows | filtered | Extra       |
+----+-------------+---------+------------+-------+---------------+------------+---------+--------------------+------+----------+-------------+
|  1 | SIMPLE      | table_a | NULL       | index | name_index    | name_index | 102     | NULL               |    4 |   100.00 | Using index |
|  1 | SIMPLE      | table_b | NULL       | ref   | name_index    | name_index | 102     | task2.table_a.name |    1 |   100.00 | Using index |
+----+-------------+---------+------------+-------+---------------+------------+---------+--------------------+------+----------+-------------+
2 rows in set, 1 warning (0.00 sec)



3)mysql> SELECT * FROM table_a LEFT OUTER JOIN table_b ON table_a.name = table_b.name;
+----+-----------+------+--------+
| id | name      | id   | name   |
+----+-----------+------+--------+
|  2 | Monkey    | NULL | NULL   |
|  3 | Ninja     |    4 | Ninja  |
|  1 | Pirate    |    2 | Pirate |
|  4 | Spaghetti | NULL | NULL   |
+----+-----------+------+--------+
4 rows in set (0.00 sec)

mysql> EXPLAIN SELECT * FROM table_a LEFT OUTER JOIN table_b ON table_a.name = table_b.name;
+----+-------------+---------+------------+-------+---------------+------------+---------+--------------------+------+----------+-------------+
| id | select_type | table   | partitions | type  | possible_keys | key        | key_len | ref                | rows | filtered | Extra       |
+----+-------------+---------+------------+-------+---------------+------------+---------+--------------------+------+----------+-------------+
|  1 | SIMPLE      | table_a | NULL       | index | NULL          | name_index | 102     | NULL               |    4 |   100.00 | Using index |
|  1 | SIMPLE      | table_b | NULL       | ref   | name_index    | name_index | 102     | task2.table_a.name |    1 |   100.00 | Using index |
+----+-------------+---------+------------+-------+---------------+------------+---------+--------------------+------+----------+-------------+
2 rows in set, 1 warning (0.00 sec)



4)mysql> SELECT * FROM table_a LEFT OUTER JOIN table_b ON table_a.name = table_b.name WHERE table_b.id IS null;
+----+-----------+------+------+
| id | name      | id   | name |
+----+-----------+------+------+
|  2 | Monkey    | NULL | NULL |
|  4 | Spaghetti | NULL | NULL |
+----+-----------+------+------+
2 rows in set (0.00 sec)

mysql> EXPLAIN SELECT * FROM table_a LEFT OUTER JOIN table_b ON table_a.name = table_b.name WHERE table_b.id IS null;
+----+-------------+---------+------------+-------+---------------+------------+---------+--------------------+------+----------+--------------------------------------+
| id | select_type | table   | partitions | type  | possible_keys | key        | key_len | ref                | rows | filtered | Extra                                |
+----+-------------+---------+------------+-------+---------------+------------+---------+--------------------+------+----------+--------------------------------------+
|  1 | SIMPLE      | table_a | NULL       | index | NULL          | name_index | 102     | NULL               |    4 |   100.00 | Using index                          |
|  1 | SIMPLE      | table_b | NULL       | ref   | name_index    | name_index | 102     | task2.table_a.name |    1 |    25.00 | Using where; Not exists; Using index |
+----+-------------+---------+------------+-------+---------------+------------+---------+--------------------+------+----------+--------------------------------------+
2 rows in set, 1 warning (0.00 sec)